-- phpMyAdmin SQL Dump
-- version 4.6.5.2
-- https://www.phpmyadmin.net/
--
-- Host: 127.0.0.1
-- Generation Time: Dec 19, 2019 at 09:40 AM
-- Server version: 10.1.21-MariaDB
-- PHP Version: 5.6.30

SET SQL_MODE = "NO_AUTO_VALUE_ON_ZERO";
SET time_zone = "+00:00";


/*!40101 SET @OLD_CHARACTER_SET_CLIENT=@@CHARACTER_SET_CLIENT */;
/*!40101 SET @OLD_CHARACTER_SET_RESULTS=@@CHARACTER_SET_RESULTS */;
/*!40101 SET @OLD_COLLATION_CONNECTION=@@COLLATION_CONNECTION */;
/*!40101 SET NAMES utf8mb4 */;

--
-- Database: `antrian`
--

-- --------------------------------------------------------

--
-- Table structure for table `calls`
--

CREATE TABLE `calls` (
  `id` int(10) UNSIGNED NOT NULL,
  `queue_id` int(10) UNSIGNED NOT NULL,
  `department_id` int(10) UNSIGNED NOT NULL,
  `counter_id` int(10) UNSIGNED NOT NULL,
  `user_id` int(10) UNSIGNED NOT NULL,
  `number` int(11) NOT NULL,
  `called_date` date NOT NULL,
  `created_at` timestamp NULL DEFAULT NULL,
  `updated_at` timestamp NULL DEFAULT NULL
) ENGINE=InnoDB DEFAULT CHARSET=utf8 COLLATE=utf8_unicode_ci;

--
-- Dumping data for table `calls`
--

INSERT INTO `calls` (`id`, `queue_id`, `department_id`, `counter_id`, `user_id`, `number`, `called_date`, `created_at`, `updated_at`) VALUES
(1, 1, 1, 1, 2, 1, '2019-11-15', '2019-11-15 10:00:49', '2019-11-15 10:00:49'),
(2, 2, 2, 2, 1, 1, '2019-11-15', '2019-11-15 10:02:56', '2019-11-15 10:02:56'),
(4, 3, 1, 1, 2, 2, '2019-11-15', '2019-11-15 10:46:18', '2019-11-15 10:46:18'),
(5, 4, 1, 1, 2, 3, '2019-11-15', '2019-11-15 12:16:48', '2019-11-15 12:16:48'),
(6, 5, 1, 1, 2, 1, '2019-11-16', '2019-11-16 12:49:16', '2019-11-16 12:49:16'),
(7, 7, 1, 1, 2, 2, '2019-11-16', '2019-11-16 12:51:31', '2019-11-16 12:51:31'),
(9, 6, 2, 2, 1, 1, '2019-11-16', '2019-11-16 12:53:31', '2019-11-16 12:53:31'),
(10, 8, 1, 1, 2, 3, '2019-11-16', '2019-11-16 12:55:39', '2019-11-16 12:55:39'),
(11, 10, 1, 1, 2, 1, '2019-11-17', '2019-11-16 18:06:55', '2019-11-16 18:06:55'),
(12, 9, 2, 2, 2, 1, '2019-11-17', '2019-11-16 18:07:35', '2019-11-16 18:07:35'),
(13, 11, 1, 1, 2, 2, '2019-11-17', '2019-11-16 20:42:07', '2019-11-16 20:42:07'),
(14, 12, 1, 1, 2, 3, '2019-11-17', '2019-11-17 09:53:20', '2019-11-17 09:53:20'),
(16, 14, 1, 1, 2, 4, '2019-11-17', '2019-11-17 09:56:20', '2019-11-17 09:56:20'),
(17, 15, 1, 1, 2, 5, '2019-11-17', '2019-11-17 09:59:42', '2019-11-17 09:59:42'),
(18, 16, 1, 1, 2, 6, '2019-11-17', '2019-11-17 10:00:28', '2019-11-17 10:00:28'),
(20, 17, 1, 1, 2, 7, '2019-11-17', '2019-11-17 10:02:33', '2019-11-17 10:02:33'),
(21, 13, 2, 2, 1, 2, '2019-11-17', '2019-11-17 10:05:49', '2019-11-17 10:05:49'),
(22, 18, 1, 1, 2, 8, '2019-11-17', '2019-11-17 10:13:19', '2019-11-17 10:13:19'),
(23, 19, 2, 3, 3, 3, '2019-11-17', '2019-11-17 10:21:43', '2019-11-17 10:21:43'),
(26, 20, 1, 1, 2, 9, '2019-11-17', '2019-11-17 10:37:07', '2019-11-17 10:37:07'),
(27, 21, 1, 1, 2, 10, '2019-11-17', '2019-11-17 10:50:46', '2019-11-17 10:50:46'),
(28, 22, 2, 2, 3, 4, '2019-11-17', '2019-11-17 10:52:12', '2019-11-17 10:52:12'),
(29, 23, 1, 1, 2, 11, '2019-11-17', '2019-11-17 13:29:30', '2019-11-17 13:29:30'),
(30, 24, 1, 1, 2, 12, '2019-11-17', '2019-11-17 13:34:27', '2019-11-17 13:34:27'),
(31, 25, 1, 3, 2, 13, '2019-11-17', '2019-11-17 13:38:23', '2019-11-17 13:38:23'),
(32, 26, 1, 2, 3, 14, '2019-11-17', '2019-11-17 13:38:43', '2019-11-17 13:38:43'),
(33, 27, 1, 1, 2, 1, '2019-11-18', '2019-11-18 09:16:55', '2019-11-18 09:16:55'),
(34, 28, 1, 2, 3, 2, '2019-11-18', '2019-11-18 09:17:11', '2019-11-18 09:17:11'),
(35, 29, 2, 3, 2, 1, '2019-11-18', '2019-11-18 10:35:13', '2019-11-18 10:35:13'),
(36, 30, 1, 3, 3, 1, '2019-11-19', '2019-11-19 01:56:01', '2019-11-19 01:56:01'),
(37, 31, 1, 4, 3, 2, '2019-11-19', '2019-11-19 01:56:20', '2019-11-19 01:56:20'),
(38, 34, 2, 1, 2, 1, '2019-11-19', '2019-11-19 01:56:36', '2019-11-19 01:56:36'),
(39, 35, 2, 2, 2, 2, '2019-11-19', '2019-11-19 01:56:50', '2019-11-19 01:56:50'),
(40, 36, 2, 1, 2, 3, '2019-11-19', '2019-11-19 02:01:02', '2019-11-19 02:01:02'),
(41, 37, 2, 2, 2, 4, '2019-11-19', '2019-11-19 02:01:20', '2019-11-19 02:01:20'),
(42, 32, 1, 3, 3, 3, '2019-11-19', '2019-11-19 02:01:40', '2019-11-19 02:01:40'),
(44, 38, 2, 1, 2, 5, '2019-11-19', '2019-11-19 02:02:16', '2019-11-19 02:02:16'),
(45, 33, 1, 4, 3, 4, '2019-11-19', '2019-11-19 08:26:12', '2019-11-19 08:26:12'),
(46, 39, 1, 3, 3, 5, '2019-11-19', '2019-11-19 08:26:52', '2019-11-19 08:26:52'),
(47, 40, 2, 1, 2, 6, '2019-11-19', '2019-11-19 10:02:07', '2019-11-19 10:02:07'),
(48, 41, 1, 3, 3, 1, '2019-11-22', '2019-11-22 02:47:03', '2019-11-22 02:47:03'),
(49, 42, 2, 1, 2, 1, '2019-11-22', '2019-11-22 02:48:11', '2019-11-22 02:48:11'),
(50, 43, 2, 2, 2, 2, '2019-11-22', '2019-11-22 02:48:33', '2019-11-22 02:48:33'),
(51, 44, 2, 1, 2, 3, '2019-11-22', '2019-11-22 02:50:11', '2019-11-22 02:50:11'),
(52, 45, 2, 2, 3, 4, '2019-11-22', '2019-11-22 04:05:12', '2019-11-22 04:05:12'),
(53, 46, 2, 1, 2, 5, '2019-11-22', '2019-11-22 09:30:17', '2019-11-22 09:30:17'),
(54, 47, 2, 2, 2, 6, '2019-11-22', '2019-11-22 09:30:32', '2019-11-22 09:30:32'),
(55, 48, 1, 3, 3, 2, '2019-11-22', '2019-11-22 10:03:11', '2019-11-22 10:03:11'),
(56, 49, 2, 1, 2, 1, '2019-11-25', '2019-11-25 11:42:51', '2019-11-25 11:42:51'),
(57, 51, 1, 3, 3, 1, '2019-11-25', '2019-11-25 11:43:22', '2019-11-25 11:43:22'),
(59, 50, 2, 2, 2, 2, '2019-11-25', '2019-11-25 11:43:57', '2019-11-25 11:43:57'),
(61, 53, 2, 1, 2, 3, '2019-11-25', '2019-11-25 11:56:30', '2019-11-25 11:56:30'),
(62, 52, 1, 3, 3, 2, '2019-11-25', '2019-11-25 11:56:44', '2019-11-25 11:56:44'),
(63, 54, 1, 4, 1, 3, '2019-11-25', '2019-11-25 11:57:01', '2019-11-25 11:57:01'),
(64, 55, 1, 3, 3, 4, '2019-11-25', '2019-11-25 12:01:06', '2019-11-25 12:01:06'),
(65, 56, 2, 1, 2, 4, '2019-11-25', '2019-11-25 12:04:12', '2019-11-25 12:04:12'),
(72, 57, 2, 1, 2, 5, '2019-11-25', '2019-11-25 13:23:18', '2019-11-25 13:23:18'),
(73, 58, 2, 1, 2, 1, '2019-11-26', '2019-11-26 00:44:36', '2019-11-26 00:44:36'),
(74, 59, 2, 2, 2, 2, '2019-11-26', '2019-11-26 00:45:33', '2019-11-26 00:45:33'),
(75, 60, 2, 1, 2, 3, '2019-11-26', '2019-11-26 05:22:09', '2019-11-26 05:22:09'),
(76, 61, 2, 2, 2, 4, '2019-11-26', '2019-11-26 05:22:30', '2019-11-26 05:22:30'),
(77, 62, 1, 3, 3, 1, '2019-11-26', '2019-11-26 05:22:57', '2019-11-26 05:22:57'),
(78, 63, 1, 4, 1, 2, '2019-11-26', '2019-11-26 05:23:22', '2019-11-26 05:23:22'),
(80, 67, 1, 3, 3, 1, '2019-11-27', '2019-11-27 03:58:40', '2019-11-27 03:58:40'),
(81, 68, 2, 1, 2, 1, '2019-11-27', '2019-11-27 10:27:48', '2019-11-27 10:27:48'),
(82, 69, 2, 2, 2, 2, '2019-11-27', '2019-11-27 10:28:01', '2019-11-27 10:28:01'),
(83, 70, 1, 4, 3, 2, '2019-11-27', '2019-11-27 10:28:24', '2019-11-27 10:28:24'),
(84, 71, 1, 3, 1, 3, '2019-11-27', '2019-11-27 10:28:34', '2019-11-27 10:28:34'),
(85, 73, 2, 1, 2, 1, '2019-11-28', '2019-11-28 02:57:49', '2019-11-28 02:57:49'),
(86, 72, 1, 3, 3, 1, '2019-11-28', '2019-11-28 02:58:08', '2019-11-28 02:58:08'),
(91, 79, 1, 4, 3, 2, '2019-12-01', '2019-12-01 05:26:49', '2019-12-01 05:26:49'),
(92, 78, 1, 1, 2, 1, '2019-12-01', '2019-12-01 05:26:55', '2019-12-01 05:26:55'),
(93, 80, 1, 3, 1, 1, '2019-12-02', '2019-12-02 07:10:47', '2019-12-02 07:10:47'),
(94, 81, 2, 1, 2, 1, '2019-12-02', '2019-12-02 07:12:16', '2019-12-02 07:12:16'),
(96, 82, 1, 1, 1, 1, '2019-12-03', '2019-12-03 12:03:14', '2019-12-03 12:03:14'),
(102, 85, 2, 2, 4, 2, '2019-12-05', '2019-12-05 14:14:18', '2019-12-05 14:14:18'),
(103, 84, 2, 1, 2, 1, '2019-12-05', '2019-12-05 14:14:29', '2019-12-05 14:14:29'),
(104, 83, 1, 3, 3, 1, '2019-12-05', '2019-12-05 14:14:40', '2019-12-05 14:14:40'),
(105, 86, 1, 1, 1, 1, '2019-12-06', '2019-12-06 03:08:39', '2019-12-06 03:08:39'),
(107, 88, 1, 2, 1, 2, '2019-12-06', '2019-12-06 03:14:31', '2019-12-06 03:14:31'),
(109, 90, 2, 1, 5, 1, '2019-12-07', '2019-12-07 00:43:43', '2019-12-07 00:43:43'),
(111, 97, 1, 4, 1, 1, '2019-12-17', '2019-12-17 00:58:52', '2019-12-17 00:58:52'),
(112, 98, 2, 1, 5, 1, '2019-12-17', '2019-12-17 00:59:34', '2019-12-17 00:59:34'),
(113, 100, 2, 2, 4, 2, '2019-12-17', '2019-12-17 00:59:58', '2019-12-17 00:59:58'),
(114, 99, 1, 3, 3, 2, '2019-12-17', '2019-12-17 01:00:12', '2019-12-17 01:00:12'),
(115, 101, 2, 5, 1, 3, '2019-12-17', '2019-12-17 01:01:15', '2019-12-17 01:01:15'),
(117, 102, 2, 1, 4, 4, '2019-12-17', '2019-12-17 01:18:29', '2019-12-17 01:18:29'),
(118, 103, 1, 4, 3, 3, '2019-12-17', '2019-12-17 01:19:34', '2019-12-17 01:19:34'),
(119, 105, 2, 1, 2, 1, '2019-12-19', '2019-12-19 02:24:16', '2019-12-19 02:24:16'),
(120, 104, 1, 4, 5, 1, '2019-12-19', '2019-12-19 02:25:15', '2019-12-19 02:25:15'),
(121, 106, 2, 2, 3, 2, '2019-12-19', '2019-12-19 02:26:13', '2019-12-19 02:26:13'),
(122, 107, 2, 3, 2, 3, '2019-12-19', '2019-12-19 02:26:30', '2019-12-19 02:26:30'),
(123, 111, 1, 5, 4, 2, '2019-12-19', '2019-12-19 02:56:01', '2019-12-19 02:56:01'),
(124, 108, 2, 2, 2, 4, '2019-12-19', '2019-12-19 03:10:57', '2019-12-19 03:10:57'),
(125, 109, 2, 1, 3, 5, '2019-12-19', '2019-12-19 03:12:26', '2019-12-19 03:12:26'),
(126, 112, 1, 5, 4, 3, '2019-12-19', '2019-12-19 03:12:48', '2019-12-19 03:12:48'),
(127, 110, 2, 1, 2, 6, '2019-12-19', '2019-12-19 03:15:22', '2019-12-19 03:15:22'),
(128, 115, 2, 1, 2, 7, '2019-12-19', '2019-12-19 03:15:30', '2019-12-19 03:15:30'),
(129, 116, 2, 1, 2, 8, '2019-12-19', '2019-12-19 03:15:42', '2019-12-19 03:15:42'),
(130, 117, 2, 2, 3, 9, '2019-12-19', '2019-12-19 03:19:08', '2019-12-19 03:19:08'),
(131, 118, 2, 1, 2, 10, '2019-12-19', '2019-12-19 03:19:17', '2019-12-19 03:19:17'),
(132, 113, 1, 5, 4, 4, '2019-12-19', '2019-12-19 03:27:44', '2019-12-19 03:27:44'),
(133, 114, 1, 4, 5, 5, '2019-12-19', '2019-12-19 03:27:51', '2019-12-19 03:27:51'),
(134, 119, 2, 1, 2, 11, '2019-12-19', '2019-12-19 03:28:32', '2019-12-19 03:28:32'),
(135, 120, 2, 2, 3, 12, '2019-12-19', '2019-12-19 03:28:38', '2019-12-19 03:28:38'),
(136, 121, 2, 1, 2, 13, '2019-12-19', '2019-12-19 03:31:07', '2019-12-19 03:31:07'),
(137, 131, 2, 2, 3, 14, '2019-12-19', '2019-12-19 03:31:15', '2019-12-19 03:31:15'),
(138, 122, 1, 5, 4, 6, '2019-12-19', '2019-12-19 03:31:55', '2019-12-19 03:31:55'),
(139, 123, 1, 4, 5, 7, '2019-12-19', '2019-12-19 03:32:05', '2019-12-19 03:32:05'),
(140, 132, 2, 2, 3, 15, '2019-12-19', '2019-12-19 03:32:24', '2019-12-19 03:32:24'),
(141, 134, 2, 1, 2, 16, '2019-12-19', '2019-12-19 03:32:34', '2019-12-19 03:32:34'),
(142, 135, 2, 2, 3, 17, '2019-12-19', '2019-12-19 03:47:39', '2019-12-19 03:47:39'),
(143, 136, 2, 2, 3, 18, '2019-12-19', '2019-12-19 03:47:40', '2019-12-19 03:47:40'),
(144, 137, 2, 1, 2, 19, '2019-12-19', '2019-12-19 03:47:48', '2019-12-19 03:47:48'),
(145, 124, 1, 5, 4, 8, '2019-12-19', '2019-12-19 03:47:58', '2019-12-19 03:47:58'),
(146, 125, 1, 4, 5, 9, '2019-12-19', '2019-12-19 03:48:08', '2019-12-19 03:48:08'),
(147, 138, 2, 1, 2, 20, '2019-12-19', '2019-12-19 03:48:24', '2019-12-19 03:48:24'),
(148, 139, 2, 2, 3, 21, '2019-12-19', '2019-12-19 03:48:32', '2019-12-19 03:48:32'),
(149, 140, 2, 1, 2, 22, '2019-12-19', '2019-12-19 03:48:54', '2019-12-19 03:48:54'),
(150, 141, 2, 2, 3, 23, '2019-12-19', '2019-12-19 03:49:08', '2019-12-19 03:49:08'),
(151, 142, 2, 1, 2, 24, '2019-12-19', '2019-12-19 03:54:22', '2019-12-19 03:54:22'),
(152, 145, 2, 2, 3, 25, '2019-12-19', '2019-12-19 03:54:32', '2019-12-19 03:54:32'),
(153, 126, 1, 5, 4, 10, '2019-12-19', '2019-12-19 03:56:31', '2019-12-19 03:56:31'),
(154, 127, 1, 3, 5, 11, '2019-12-19', '2019-12-19 03:56:44', '2019-12-19 03:56:44'),
(155, 146, 2, 1, 2, 26, '2019-12-19', '2019-12-19 03:58:04', '2019-12-19 03:58:04'),
(156, 148, 2, 2, 3, 27, '2019-12-19', '2019-12-19 03:58:23', '2019-12-19 03:58:23'),
(157, 128, 1, 5, 4, 12, '2019-12-19', '2019-12-19 04:04:44', '2019-12-19 04:04:44'),
(158, 129, 1, 4, 5, 13, '2019-12-19', '2019-12-19 04:05:01', '2019-12-19 04:05:01'),
(159, 151, 2, 1, 2, 28, '2019-12-19', '2019-12-19 04:05:16', '2019-12-19 04:05:16'),
(160, 152, 2, 2, 3, 29, '2019-12-19', '2019-12-19 04:05:24', '2019-12-19 04:05:24'),
(161, 155, 2, 1, 2, 30, '2019-12-19', '2019-12-19 04:07:14', '2019-12-19 04:07:14'),
(162, 156, 2, 2, 3, 31, '2019-12-19', '2019-12-19 04:07:22', '2019-12-19 04:07:22'),
(163, 130, 1, 5, 4, 14, '2019-12-19', '2019-12-19 04:08:01', '2019-12-19 04:08:01'),
(164, 133, 1, 3, 5, 15, '2019-12-19', '2019-12-19 04:08:10', '2019-12-19 04:08:10'),
(165, 143, 1, 4, 5, 16, '2019-12-19', '2019-12-19 04:08:35', '2019-12-19 04:08:35'),
(166, 157, 2, 1, 2, 32, '2019-12-19', '2019-12-19 04:11:31', '2019-12-19 04:11:31'),
(167, 158, 2, 2, 3, 33, '2019-12-19', '2019-12-19 04:11:45', '2019-12-19 04:11:45'),
(168, 159, 2, 1, 2, 34, '2019-12-19', '2019-12-19 04:19:36', '2019-12-19 04:19:36'),
(169, 160, 2, 2, 3, 35, '2019-12-19', '2019-12-19 04:19:45', '2019-12-19 04:19:45'),
(170, 144, 1, 5, 4, 17, '2019-12-19', '2019-12-19 04:19:59', '2019-12-19 04:19:59'),
(171, 147, 1, 4, 5, 18, '2019-12-19', '2019-12-19 04:20:08', '2019-12-19 04:20:08'),
(172, 149, 1, 4, 5, 19, '2019-12-19', '2019-12-19 04:36:43', '2019-12-19 04:36:43'),
(173, 150, 1, 5, 4, 20, '2019-12-19', '2019-12-19 04:36:51', '2019-12-19 04:36:51'),
(174, 161, 2, 1, 2, 36, '2019-12-19', '2019-12-19 04:37:02', '2019-12-19 04:37:02'),
(175, 162, 2, 2, 3, 37, '2019-12-19', '2019-12-19 04:37:10', '2019-12-19 04:37:10');

-- --------------------------------------------------------

--
-- Table structure for table `counters`
--

CREATE TABLE `counters` (
  `id` int(10) UNSIGNED NOT NULL,
  `name` varchar(255) COLLATE utf8_unicode_ci NOT NULL,
  `created_at` timestamp NULL DEFAULT NULL,
  `updated_at` timestamp NULL DEFAULT NULL
) ENGINE=InnoDB DEFAULT CHARSET=utf8 COLLATE=utf8_unicode_ci;

--
-- Dumping data for table `counters`
--

INSERT INTO `counters` (`id`, `name`, `created_at`, `updated_at`) VALUES
(1, 'Loket 1', '2019-11-15 10:00:31', '2019-11-15 10:00:31'),
(2, 'Loket 2', '2019-11-15 10:02:18', '2019-11-15 10:02:18'),
(3, 'Loket 3', '2019-11-17 10:01:57', '2019-11-17 10:01:57'),
(4, 'Loket 4', '2019-11-19 01:55:43', '2019-11-19 01:55:43'),
(5, 'Loket 5', '2019-12-05 14:09:01', '2019-12-05 14:09:01');

-- --------------------------------------------------------

--
-- Table structure for table `departments`
--

CREATE TABLE `departments` (
  `id` int(10) UNSIGNED NOT NULL,
  `name` varchar(255) COLLATE utf8_unicode_ci NOT NULL,
  `letter` varchar(255) COLLATE utf8_unicode_ci NOT NULL,
  `start` int(11) NOT NULL,
  `created_at` timestamp NULL DEFAULT NULL,
  `updated_at` timestamp NULL DEFAULT NULL
) ENGINE=InnoDB DEFAULT CHARSET=utf8 COLLATE=utf8_unicode_ci;

--
-- Dumping data for table `departments`
--

INSERT INTO `departments` (`id`, `name`, `letter`, `start`, `created_at`, `updated_at`) VALUES
(1, 'Customer Service', 'A', 1, '2019-11-15 09:51:13', '2019-11-19 02:02:44'),
(2, 'Teller', 'B', 1, '2019-11-15 09:51:31', '2019-11-18 10:00:02');

-- --------------------------------------------------------

--
-- Table structure for table `languages`
--

CREATE TABLE `languages` (
  `id` int(10) UNSIGNED NOT NULL,
  `code` varchar(255) COLLATE utf8_unicode_ci NOT NULL,
  `name` varchar(255) COLLATE utf8_unicode_ci NOT NULL,
  `display` varchar(255) COLLATE utf8_unicode_ci NOT NULL,
  `image` varchar(255) COLLATE utf8_unicode_ci NOT NULL,
  `created_at` timestamp NULL DEFAULT NULL,
  `updated_at` timestamp NULL DEFAULT NULL
) ENGINE=InnoDB DEFAULT CHARSET=utf8 COLLATE=utf8_unicode_ci;

--
-- Dumping data for table `languages`
--

INSERT INTO `languages` (`id`, `code`, `name`, `display`, `image`, `created_at`, `updated_at`) VALUES
(1, 'gb', 'English', 'UK English Female', 'United-Kingdom.png', '2019-11-15 09:49:16', '2019-11-15 09:49:16'),
(13, 'id', 'Indonesian', 'Indonesian Female', 'Indonesia.png', '2019-11-15 09:49:16', '2019-11-15 09:49:16');

-- --------------------------------------------------------

--
-- Table structure for table `migrations`
--

CREATE TABLE `migrations` (
  `id` int(10) UNSIGNED NOT NULL,
  `migration` varchar(255) COLLATE utf8_unicode_ci NOT NULL,
  `batch` int(11) NOT NULL
) ENGINE=InnoDB DEFAULT CHARSET=utf8 COLLATE=utf8_unicode_ci;

--
-- Dumping data for table `migrations`
--

INSERT INTO `migrations` (`id`, `migration`, `batch`) VALUES
(1, '2014_10_12_000000_create_users_table', 1),
(2, '2014_10_12_100000_create_password_resets_table', 1),
(3, '2016_07_16_161740_create_departments_table', 1),
(4, '2016_07_16_180929_create_counters_table', 1),
(5, '2016_07_16_190715_create_queues_table', 1),
(6, '2016_07_19_170334_create_calls_table', 1),
(7, '2016_08_24_231859_create_languages_table', 1),
(8, '2016_09_28_123908_create_settings_table', 1);

-- --------------------------------------------------------

--
-- Table structure for table `queues`
--

CREATE TABLE `queues` (
  `id` int(10) UNSIGNED NOT NULL,
  `department_id` int(10) UNSIGNED NOT NULL,
  `number` int(11) NOT NULL,
  `called` int(11) NOT NULL,
  `created_at` timestamp NULL DEFAULT NULL,
  `updated_at` timestamp NULL DEFAULT NULL
) ENGINE=InnoDB DEFAULT CHARSET=utf8 COLLATE=utf8_unicode_ci;

--
-- Dumping data for table `queues`
--

INSERT INTO `queues` (`id`, `department_id`, `number`, `called`, `created_at`, `updated_at`) VALUES
(1, 1, 1, 1, '2019-11-15 09:52:51', '2019-11-15 10:00:49'),
(2, 2, 1, 1, '2019-11-15 09:54:30', '2019-11-15 10:02:56'),
(3, 1, 2, 1, '2019-11-15 10:43:57', '2019-11-15 10:44:32'),
(4, 1, 3, 1, '2019-11-15 12:15:35', '2019-11-15 12:16:49'),
(5, 1, 1, 1, '2019-11-16 12:48:30', '2019-11-16 12:49:16'),
(6, 2, 1, 1, '2019-11-16 12:48:42', '2019-11-16 12:53:17'),
(7, 1, 2, 1, '2019-11-16 12:48:49', '2019-11-16 12:51:32'),
(8, 1, 3, 1, '2019-11-16 12:48:59', '2019-11-16 12:55:39'),
(9, 2, 1, 1, '2019-11-16 17:49:20', '2019-11-16 18:07:36'),
(10, 1, 1, 1, '2019-11-16 17:51:00', '2019-11-16 18:06:55'),
(11, 1, 2, 1, '2019-11-16 20:41:29', '2019-11-16 20:42:07'),
(12, 1, 3, 1, '2019-11-17 09:52:57', '2019-11-17 09:53:20'),
(13, 2, 2, 1, '2019-11-17 09:53:35', '2019-11-17 09:54:02'),
(14, 1, 4, 1, '2019-11-17 09:55:13', '2019-11-17 09:56:21'),
(15, 1, 5, 1, '2019-11-17 09:55:20', '2019-11-17 09:59:42'),
(16, 1, 6, 1, '2019-11-17 09:55:27', '2019-11-17 10:00:28'),
(17, 1, 7, 1, '2019-11-17 09:55:36', '2019-11-17 10:00:40'),
(18, 1, 8, 1, '2019-11-17 10:12:49', '2019-11-17 10:13:19'),
(19, 2, 3, 1, '2019-11-17 10:21:06', '2019-11-17 10:21:43'),
(20, 1, 9, 1, '2019-11-17 10:35:56', '2019-11-17 10:36:13'),
(21, 1, 10, 1, '2019-11-17 10:50:18', '2019-11-17 10:50:46'),
(22, 2, 4, 1, '2019-11-17 10:51:52', '2019-11-17 10:52:12'),
(23, 1, 11, 1, '2019-11-17 13:29:10', '2019-11-17 13:29:30'),
(24, 1, 12, 1, '2019-11-17 13:33:47', '2019-11-17 13:34:27'),
(25, 1, 13, 1, '2019-11-17 13:36:11', '2019-11-17 13:38:23'),
(26, 1, 14, 1, '2019-11-17 13:37:54', '2019-11-17 13:38:43'),
(27, 1, 1, 1, '2019-11-18 09:15:15', '2019-11-18 09:16:55'),
(28, 1, 2, 1, '2019-11-18 09:16:28', '2019-11-18 09:17:11'),
(29, 2, 1, 1, '2019-11-18 10:34:03', '2019-11-18 10:35:13'),
(30, 1, 1, 1, '2019-11-19 01:53:58', '2019-11-19 01:56:01'),
(31, 1, 2, 1, '2019-11-19 01:54:17', '2019-11-19 01:56:20'),
(32, 1, 3, 1, '2019-11-19 01:54:24', '2019-11-19 02:01:40'),
(33, 1, 4, 1, '2019-11-19 01:54:31', '2019-11-19 08:26:12'),
(34, 2, 1, 1, '2019-11-19 01:54:37', '2019-11-19 01:56:36'),
(35, 2, 2, 1, '2019-11-19 01:54:43', '2019-11-19 01:56:51'),
(36, 2, 3, 1, '2019-11-19 01:54:49', '2019-11-19 02:01:02'),
(37, 2, 4, 1, '2019-11-19 01:54:54', '2019-11-19 02:01:20'),
(38, 2, 5, 1, '2019-11-19 01:54:59', '2019-11-19 02:02:03'),
(39, 1, 5, 1, '2019-11-19 02:02:49', '2019-11-19 08:26:52'),
(40, 2, 6, 1, '2019-11-19 10:01:50', '2019-11-19 10:02:07'),
(41, 1, 1, 1, '2019-11-22 01:23:28', '2019-11-22 02:47:03'),
(42, 2, 1, 1, '2019-11-22 02:47:28', '2019-11-22 02:48:11'),
(43, 2, 2, 1, '2019-11-22 02:47:41', '2019-11-22 02:48:33'),
(44, 2, 3, 1, '2019-11-22 02:47:50', '2019-11-22 02:50:11'),
(45, 2, 4, 1, '2019-11-22 03:48:21', '2019-11-22 04:05:12'),
(46, 2, 5, 1, '2019-11-22 04:04:48', '2019-11-22 09:30:17'),
(47, 2, 6, 1, '2019-11-22 04:04:55', '2019-11-22 09:30:32'),
(48, 1, 2, 1, '2019-11-22 10:02:48', '2019-11-22 10:03:11'),
(49, 2, 1, 1, '2019-11-25 08:44:18', '2019-11-25 11:42:51'),
(50, 2, 2, 1, '2019-11-25 10:13:31', '2019-11-25 11:43:39'),
(51, 1, 1, 1, '2019-11-25 10:14:05', '2019-11-25 11:43:22'),
(52, 1, 2, 1, '2019-11-25 10:14:15', '2019-11-25 11:56:44'),
(53, 2, 3, 1, '2019-11-25 11:39:32', '2019-11-25 11:56:20'),
(54, 1, 3, 1, '2019-11-25 11:39:44', '2019-11-25 11:57:01'),
(55, 1, 4, 1, '2019-11-25 11:46:34', '2019-11-25 12:01:06'),
(56, 2, 4, 1, '2019-11-25 12:03:55', '2019-11-25 12:04:12'),
(57, 2, 5, 1, '2019-11-25 13:20:37', '2019-11-25 13:21:22'),
(58, 2, 1, 1, '2019-11-26 00:43:18', '2019-11-26 00:44:36'),
(59, 2, 2, 1, '2019-11-26 00:43:33', '2019-11-26 00:45:33'),
(60, 2, 3, 1, '2019-11-26 00:43:40', '2019-11-26 05:22:10'),
(61, 2, 4, 1, '2019-11-26 00:44:06', '2019-11-26 05:22:30'),
(62, 1, 1, 1, '2019-11-26 00:49:51', '2019-11-26 05:22:57'),
(63, 1, 2, 1, '2019-11-26 00:49:58', '2019-11-26 05:23:22'),
(64, 1, 3, 0, '2019-11-26 00:50:03', '2019-11-26 00:50:03'),
(65, 1, 4, 0, '2019-11-26 00:50:09', '2019-11-26 00:50:09'),
(66, 2, 5, 0, '2019-11-26 00:54:33', '2019-11-26 00:54:33'),
(67, 1, 1, 1, '2019-11-27 03:01:21', '2019-11-27 03:58:17'),
(68, 2, 1, 1, '2019-11-27 09:36:47', '2019-11-27 10:27:48'),
(69, 2, 2, 1, '2019-11-27 09:36:53', '2019-11-27 10:28:01'),
(70, 1, 2, 1, '2019-11-27 09:37:00', '2019-11-27 10:28:24'),
(71, 1, 3, 1, '2019-11-27 09:37:06', '2019-11-27 10:28:34'),
(72, 1, 1, 1, '2019-11-28 01:21:39', '2019-11-28 02:58:08'),
(73, 2, 1, 1, '2019-11-28 01:21:49', '2019-11-28 02:57:49'),
(74, 1, 2, 0, '2019-11-28 01:22:00', '2019-11-28 01:22:00'),
(75, 2, 2, 0, '2019-11-28 01:22:09', '2019-11-28 01:22:09'),
(76, 2, 3, 0, '2019-11-28 01:22:21', '2019-11-28 01:22:21'),
(77, 2, 4, 0, '2019-11-28 01:22:28', '2019-11-28 01:22:28'),
(78, 1, 1, 1, '2019-12-01 03:49:12', '2019-12-01 03:49:49'),
(79, 1, 2, 1, '2019-12-01 03:55:28', '2019-12-01 03:55:57'),
(80, 1, 1, 1, '2019-12-02 07:10:16', '2019-12-02 07:10:47'),
(81, 2, 1, 1, '2019-12-02 07:11:04', '2019-12-02 07:12:16'),
(82, 1, 1, 1, '2019-12-03 12:02:05', '2019-12-03 12:02:58'),
(83, 1, 1, 1, '2019-12-05 14:05:23', '2019-12-05 14:06:02'),
(84, 2, 1, 1, '2019-12-05 14:07:16', '2019-12-05 14:07:51'),
(85, 2, 2, 1, '2019-12-05 14:13:38', '2019-12-05 14:14:03'),
(86, 1, 1, 1, '2019-12-06 03:06:48', '2019-12-06 03:08:39'),
(87, 2, 1, 0, '2019-12-06 03:12:49', '2019-12-06 03:12:49'),
(88, 1, 2, 1, '2019-12-06 03:12:56', '2019-12-06 03:14:11'),
(89, 2, 2, 0, '2019-12-06 03:13:01', '2019-12-06 03:13:01'),
(90, 2, 1, 1, '2019-12-07 00:42:17', '2019-12-07 00:43:12'),
(91, 2, 2, 0, '2019-12-07 00:42:47', '2019-12-07 00:42:47'),
(92, 1, 1, 0, '2019-12-07 00:43:55', '2019-12-07 00:43:55'),
(93, 2, 3, 0, '2019-12-07 00:52:40', '2019-12-07 00:52:40'),
(94, 2, 4, 0, '2019-12-07 00:52:52', '2019-12-07 00:52:52'),
(95, 1, 1, 0, '2019-12-12 02:33:56', '2019-12-12 02:33:56'),
(96, 2, 1, 0, '2019-12-12 02:34:06', '2019-12-12 02:34:06'),
(97, 1, 1, 1, '2019-12-17 00:57:30', '2019-12-17 00:58:40'),
(98, 2, 1, 1, '2019-12-17 00:57:36', '2019-12-17 00:59:34'),
(99, 1, 2, 1, '2019-12-17 00:57:41', '2019-12-17 01:00:12'),
(100, 2, 2, 1, '2019-12-17 00:57:45', '2019-12-17 00:59:58'),
(101, 2, 3, 1, '2019-12-17 01:00:55', '2019-12-17 01:01:15'),
(102, 2, 4, 1, '2019-12-17 01:17:22', '2019-12-17 01:18:11'),
(103, 1, 3, 1, '2019-12-17 01:17:29', '2019-12-17 01:19:34'),
(104, 1, 1, 1, '2019-12-19 02:16:59', '2019-12-19 02:25:15'),
(105, 2, 1, 1, '2019-12-19 02:20:58', '2019-12-19 02:24:16'),
(106, 2, 2, 1, '2019-12-19 02:21:02', '2019-12-19 02:26:13'),
(107, 2, 3, 1, '2019-12-19 02:21:06', '2019-12-19 02:26:30'),
(108, 2, 4, 1, '2019-12-19 02:21:12', '2019-12-19 03:10:57'),
(109, 2, 5, 1, '2019-12-19 02:21:41', '2019-12-19 03:12:26'),
(110, 2, 6, 1, '2019-12-19 02:21:47', '2019-12-19 03:15:22'),
(111, 1, 2, 1, '2019-12-19 02:24:41', '2019-12-19 02:56:01'),
(112, 1, 3, 1, '2019-12-19 02:24:46', '2019-12-19 03:12:48'),
(113, 1, 4, 1, '2019-12-19 02:24:53', '2019-12-19 03:27:44'),
(114, 1, 5, 1, '2019-12-19 02:24:57', '2019-12-19 03:27:51'),
(115, 2, 7, 1, '2019-12-19 02:27:01', '2019-12-19 03:15:30'),
(116, 2, 8, 1, '2019-12-19 02:27:06', '2019-12-19 03:15:42'),
(117, 2, 9, 1, '2019-12-19 02:27:09', '2019-12-19 03:19:08'),
(118, 2, 10, 1, '2019-12-19 02:27:13', '2019-12-19 03:19:17'),
(119, 2, 11, 1, '2019-12-19 02:27:17', '2019-12-19 03:28:32'),
(120, 2, 12, 1, '2019-12-19 02:27:25', '2019-12-19 03:28:38'),
(121, 2, 13, 1, '2019-12-19 02:27:29', '2019-12-19 03:31:07'),
(122, 1, 6, 1, '2019-12-19 02:27:32', '2019-12-19 03:31:55'),
(123, 1, 7, 1, '2019-12-19 02:27:36', '2019-12-19 03:32:05'),
(124, 1, 8, 1, '2019-12-19 02:27:40', '2019-12-19 03:47:58'),
(125, 1, 9, 1, '2019-12-19 02:27:44', '2019-12-19 03:48:08'),
(126, 1, 10, 1, '2019-12-19 02:27:49', '2019-12-19 03:56:31'),
(127, 1, 11, 1, '2019-12-19 02:27:52', '2019-12-19 03:56:44'),
(128, 1, 12, 1, '2019-12-19 02:27:56', '2019-12-19 04:04:44'),
(129, 1, 13, 1, '2019-12-19 02:28:02', '2019-12-19 04:05:01'),
(130, 1, 14, 1, '2019-12-19 02:28:07', '2019-12-19 04:08:01'),
(131, 2, 14, 1, '2019-12-19 02:28:11', '2019-12-19 03:31:15'),
(132, 2, 15, 1, '2019-12-19 02:28:15', '2019-12-19 03:32:24'),
(133, 1, 15, 1, '2019-12-19 02:29:49', '2019-12-19 04:08:10'),
(134, 2, 16, 1, '2019-12-19 02:29:53', '2019-12-19 03:32:34'),
(135, 2, 17, 1, '2019-12-19 02:29:57', '2019-12-19 03:47:39'),
(136, 2, 18, 1, '2019-12-19 02:30:06', '2019-12-19 03:47:40'),
(137, 2, 19, 1, '2019-12-19 02:30:11', '2019-12-19 03:47:48'),
(138, 2, 20, 1, '2019-12-19 02:30:16', '2019-12-19 03:48:24'),
(139, 2, 21, 1, '2019-12-19 02:30:23', '2019-12-19 03:48:32'),
(140, 2, 22, 1, '2019-12-19 02:30:35', '2019-12-19 03:48:54'),
(141, 2, 23, 1, '2019-12-19 02:32:10', '2019-12-19 03:49:08'),
(142, 2, 24, 1, '2019-12-19 02:32:31', '2019-12-19 03:54:22'),
(143, 1, 16, 1, '2019-12-19 02:32:36', '2019-12-19 04:08:35'),
(144, 1, 17, 1, '2019-12-19 02:32:43', '2019-12-19 04:19:59'),
(145, 2, 25, 1, '2019-12-19 02:32:52', '2019-12-19 03:54:32'),
(146, 2, 26, 1, '2019-12-19 02:32:57', '2019-12-19 03:58:04'),
(147, 1, 18, 1, '2019-12-19 02:33:01', '2019-12-19 04:20:08'),
(148, 2, 27, 1, '2019-12-19 02:33:05', '2019-12-19 03:58:23'),
(149, 1, 19, 1, '2019-12-19 02:33:10', '2019-12-19 04:36:43'),
(150, 1, 20, 1, '2019-12-19 02:33:18', '2019-12-19 04:36:51'),
(151, 2, 28, 1, '2019-12-19 02:33:22', '2019-12-19 04:05:16'),
(152, 2, 29, 1, '2019-12-19 02:33:26', '2019-12-19 04:05:24'),
(153, 1, 21, 0, '2019-12-19 02:33:31', '2019-12-19 02:33:31'),
(154, 1, 22, 0, '2019-12-19 02:33:39', '2019-12-19 02:33:39'),
(155, 2, 30, 1, '2019-12-19 02:33:43', '2019-12-19 04:07:14'),
(156, 2, 31, 1, '2019-12-19 02:33:47', '2019-12-19 04:07:22'),
(157, 2, 32, 1, '2019-12-19 02:33:53', '2019-12-19 04:11:31'),
(158, 2, 33, 1, '2019-12-19 02:34:04', '2019-12-19 04:11:45'),
(159, 2, 34, 1, '2019-12-19 02:34:13', '2019-12-19 04:19:36'),
(160, 2, 35, 1, '2019-12-19 02:34:18', '2019-12-19 04:19:45'),
(161, 2, 36, 1, '2019-12-19 02:34:22', '2019-12-19 04:37:02'),
(162, 2, 37, 1, '2019-12-19 02:34:26', '2019-12-19 04:37:10'),
(163, 1, 23, 0, '2019-12-19 02:34:30', '2019-12-19 02:34:30'),
(164, 1, 24, 0, '2019-12-19 02:34:35', '2019-12-19 02:34:35'),
(165, 1, 25, 0, '2019-12-19 02:34:40', '2019-12-19 02:34:40'),
(166, 2, 38, 0, '2019-12-19 02:34:44', '2019-12-19 02:34:44'),
(167, 1, 26, 0, '2019-12-19 02:34:48', '2019-12-19 02:34:48'),
(168, 2, 39, 0, '2019-12-19 02:34:56', '2019-12-19 02:34:56'),
(169, 1, 27, 0, '2019-12-19 02:35:02', '2019-12-19 02:35:02'),
(170, 2, 40, 0, '2019-12-19 02:35:07', '2019-12-19 02:35:07'),
(171, 1, 28, 0, '2019-12-19 02:35:12', '2019-12-19 02:35:12'),
(172, 2, 41, 0, '2019-12-19 02:35:19', '2019-12-19 02:35:19'),
(173, 1, 29, 0, '2019-12-19 02:35:24', '2019-12-19 02:35:24'),
(174, 1, 30, 0, '2019-12-19 02:35:30', '2019-12-19 02:35:30'),
(175, 2, 42, 0, '2019-12-19 02:35:34', '2019-12-19 02:35:34'),
(176, 2, 43, 0, '2019-12-19 02:35:40', '2019-12-19 02:35:40'),
(177, 2, 44, 0, '2019-12-19 02:35:47', '2019-12-19 02:35:47'),
(178, 2, 45, 0, '2019-12-19 02:35:51', '2019-12-19 02:35:51'),
(179, 2, 46, 0, '2019-12-19 02:37:18', '2019-12-19 02:37:18'),
(180, 2, 47, 0, '2019-12-19 02:47:26', '2019-12-19 02:47:26'),
(181, 1, 31, 0, '2019-12-19 02:47:30', '2019-12-19 02:47:30'),
(182, 1, 32, 0, '2019-12-19 02:47:39', '2019-12-19 02:47:39'),
(183, 1, 33, 0, '2019-12-19 02:47:43', '2019-12-19 02:47:43'),
(184, 2, 48, 0, '2019-12-19 02:47:47', '2019-12-19 02:47:47'),
(185, 2, 49, 0, '2019-12-19 02:47:51', '2019-12-19 02:47:51'),
(186, 2, 50, 0, '2019-12-19 02:47:54', '2019-12-19 02:47:54'),
(187, 2, 51, 0, '2019-12-19 02:48:02', '2019-12-19 02:48:02'),
(188, 2, 52, 0, '2019-12-19 02:48:09', '2019-12-19 02:48:09'),
(189, 2, 53, 0, '2019-12-19 02:48:17', '2019-12-19 02:48:17'),
(190, 2, 54, 0, '2019-12-19 02:48:21', '2019-12-19 02:48:21'),
(191, 1, 34, 0, '2019-12-19 02:48:24', '2019-12-19 02:48:24'),
(192, 1, 35, 0, '2019-12-19 02:48:28', '2019-12-19 02:48:28'),
(193, 1, 36, 0, '2019-12-19 02:48:33', '2019-12-19 02:48:33'),
(194, 1, 37, 0, '2019-12-19 02:48:37', '2019-12-19 02:48:37'),
(195, 1, 38, 0, '2019-12-19 02:48:41', '2019-12-19 02:48:41'),
(196, 2, 55, 0, '2019-12-19 02:48:49', '2019-12-19 02:48:49'),
(197, 1, 39, 0, '2019-12-19 02:48:53', '2019-12-19 02:48:53'),
(198, 1, 40, 0, '2019-12-19 02:49:01', '2019-12-19 02:49:01'),
(199, 2, 56, 0, '2019-12-19 02:49:05', '2019-12-19 02:49:05'),
(200, 2, 57, 0, '2019-12-19 02:49:09', '2019-12-19 02:49:09'),
(201, 2, 58, 0, '2019-12-19 02:49:13', '2019-12-19 02:49:13'),
(202, 2, 59, 0, '2019-12-19 02:49:21', '2019-12-19 02:49:21'),
(203, 2, 60, 0, '2019-12-19 02:49:25', '2019-12-19 02:49:25'),
(204, 1, 41, 0, '2019-12-19 02:49:33', '2019-12-19 02:49:33'),
(205, 2, 61, 0, '2019-12-19 02:49:37', '2019-12-19 02:49:37'),
(206, 2, 62, 0, '2019-12-19 02:49:49', '2019-12-19 02:49:49'),
(207, 1, 42, 0, '2019-12-19 02:49:53', '2019-12-19 02:49:53'),
(208, 2, 63, 0, '2019-12-19 02:49:58', '2019-12-19 02:49:58'),
(209, 1, 43, 0, '2019-12-19 02:50:02', '2019-12-19 02:50:02'),
(210, 2, 64, 0, '2019-12-19 02:50:07', '2019-12-19 02:50:07'),
(211, 1, 44, 0, '2019-12-19 02:50:11', '2019-12-19 02:50:11'),
(212, 2, 65, 0, '2019-12-19 02:50:15', '2019-12-19 02:50:15'),
(213, 1, 45, 0, '2019-12-19 02:50:19', '2019-12-19 02:50:19'),
(214, 2, 66, 0, '2019-12-19 02:50:25', '2019-12-19 02:50:25'),
(215, 1, 46, 0, '2019-12-19 02:50:28', '2019-12-19 02:50:28'),
(216, 1, 47, 0, '2019-12-19 02:50:32', '2019-12-19 02:50:32'),
(217, 1, 48, 0, '2019-12-19 02:50:37', '2019-12-19 02:50:37'),
(218, 1, 49, 0, '2019-12-19 02:50:41', '2019-12-19 02:50:41'),
(219, 1, 50, 0, '2019-12-19 02:50:45', '2019-12-19 02:50:45');

-- --------------------------------------------------------

--
-- Table structure for table `settings`
--

CREATE TABLE `settings` (
  `id` int(10) UNSIGNED NOT NULL,
  `language_id` int(10) UNSIGNED NOT NULL,
  `name` varchar(255) COLLATE utf8_unicode_ci NOT NULL,
  `bus_no` varchar(255) COLLATE utf8_unicode_ci NOT NULL,
  `address` text COLLATE utf8_unicode_ci NOT NULL,
  `email` varchar(255) COLLATE utf8_unicode_ci NOT NULL,
  `phone` varchar(255) COLLATE utf8_unicode_ci NOT NULL,
  `location` varchar(255) COLLATE utf8_unicode_ci NOT NULL,
  `notification` text COLLATE utf8_unicode_ci NOT NULL,
  `size` int(11) NOT NULL,
  `color` varchar(255) COLLATE utf8_unicode_ci NOT NULL,
  `logo` varchar(255) COLLATE utf8_unicode_ci NOT NULL,
  `over_time` int(11) NOT NULL,
  `missed_time` int(11) NOT NULL,
  `created_at` timestamp NULL DEFAULT NULL,
  `updated_at` timestamp NULL DEFAULT NULL
) ENGINE=InnoDB DEFAULT CHARSET=utf8 COLLATE=utf8_unicode_ci;

--
-- Dumping data for table `settings`
--

INSERT INTO `settings` (`id`, `language_id`, `name`, `bus_no`, `address`, `email`, `phone`, `location`, `notification`, `size`, `color`, `logo`, `over_time`, `missed_time`, `created_at`, `updated_at`) VALUES
(1, 13, 'NTB', '', 'Jl.Kotaraja kesik, selimur, Kec.Masbagik, Kab.Lombok Timur. NTB', 'wediariasantana', '085934885248', '', '', 0, '', '', 0, 0, NULL, NULL);

-- --------------------------------------------------------

--
-- Table structure for table `users`
--

CREATE TABLE `users` (
  `id` int(10) UNSIGNED NOT NULL,
  `name` varchar(255) COLLATE utf8_unicode_ci NOT NULL,
  `username` varchar(255) COLLATE utf8_unicode_ci NOT NULL,
  `email` varchar(255) COLLATE utf8_unicode_ci NOT NULL,
  `role` varchar(255) COLLATE utf8_unicode_ci NOT NULL,
  `password` varchar(60) COLLATE utf8_unicode_ci NOT NULL,
  `remember_token` varchar(100) COLLATE utf8_unicode_ci DEFAULT NULL,
  `created_at` timestamp NULL DEFAULT NULL,
  `updated_at` timestamp NULL DEFAULT NULL
) ENGINE=InnoDB DEFAULT CHARSET=utf8 COLLATE=utf8_unicode_ci;

--
-- Dumping data for table `users`
--

INSERT INTO `users` (`id`, `name`, `username`, `email`, `role`, `password`, `remember_token`, `created_at`, `updated_at`) VALUES
(1, 'Admin', 'admin', 'your_email@rxample.com', 'A', '$2y$10$dlJ8zm4D2s9PdaXeB/fa7uMw0KME89LqehTOUqvdm8eGIr.NHWaNK', 'JkbXWcCRyxugtG8vd27f2Y76kaACtj6EkZwUBFtXG2ot5vENzMAkq5verROh', '2019-11-15 09:49:16', '2019-12-19 02:21:22'),
(2, 'wedi', 'ganteng', 'wediariasantana@gmail.com', 'S', '$2y$10$q.pq/LLJynNfX8BUz8XjtuyZLHqf.smwqL80TWQRJ.jMiyIUivp6y', '11kpF39RZVqqVcKN078j1VVFwx8pNfnLHJ0N7GGqy8RLlPitFlwUZFozM9pR', '2019-11-15 09:52:27', '2019-12-19 02:25:40'),
(3, 'Aria', 'Aria Santana', 'gantengku@gmail.com', 'S', '$2y$10$vjAuyDeqxZEg2R5WRLL4CuUeQ7PtHzwbdfHk6GJ1kXaQgWcVGkyDi', 'lmndHcPAW6NZrShpHZhYjAy00Hh19tyJzl0c3knsLgUUEz2EdgTf6Uga4ewi', '2019-11-17 10:05:09', '2019-12-19 02:22:47'),
(4, 'Maswandi', 'Maswandi', 'andi@gmail.com', 'S', '$2y$10$Ngl8Abgf5xNMrNigUOmJtexWJDJaF1sNJBEYmlo/0rgeigvL41QXq', 'MW3j2r8Xl0W4Z5e95YeDR6WAmWr2W1r5g5r1BS4lntRVp1WyeixcxvmoJ5vk', '2019-12-05 14:10:16', '2019-12-17 01:20:59'),
(5, 'Imtiyaz Syafitri', 'Imtiyaz', 'imtiyazsyafitri@gmail.com', 'S', '$2y$10$ri35yli1Tts1ZO9kFRLrLei.GUMP9cBAVK3aVkyRsxBNZENwOAGTC', '0Lj8ooPhoJxZT5fmoLau16vVB288xTylzGhlpYhZimhT00AqS8AVyx37YxGw', '2019-12-07 00:00:03', '2019-12-19 02:55:40');

--
-- Indexes for dumped tables
--

--
-- Indexes for table `calls`
--
ALTER TABLE `calls`
  ADD PRIMARY KEY (`id`),
  ADD KEY `calls_queue_id_foreign` (`queue_id`),
  ADD KEY `calls_department_id_foreign` (`department_id`),
  ADD KEY `calls_counter_id_foreign` (`counter_id`),
  ADD KEY `calls_user_id_foreign` (`user_id`);

--
-- Indexes for table `counters`
--
ALTER TABLE `counters`
  ADD PRIMARY KEY (`id`);

--
-- Indexes for table `departments`
--
ALTER TABLE `departments`
  ADD PRIMARY KEY (`id`);

--
-- Indexes for table `languages`
--
ALTER TABLE `languages`
  ADD PRIMARY KEY (`id`),
  ADD UNIQUE KEY `languages_code_unique` (`code`);

--
-- Indexes for table `migrations`
--
ALTER TABLE `migrations`
  ADD PRIMARY KEY (`id`);

--
-- Indexes for table `queues`
--
ALTER TABLE `queues`
  ADD PRIMARY KEY (`id`),
  ADD KEY `queues_department_id_foreign` (`department_id`);

--
-- Indexes for table `settings`
--
ALTER TABLE `settings`
  ADD PRIMARY KEY (`id`),
  ADD KEY `settings_language_id_foreign` (`language_id`);

--
-- Indexes for table `users`
--
ALTER TABLE `users`
  ADD PRIMARY KEY (`id`),
  ADD UNIQUE KEY `users_username_unique` (`username`),
  ADD UNIQUE KEY `users_email_unique` (`email`);

--
-- AUTO_INCREMENT for dumped tables
--

--
-- AUTO_INCREMENT for table `calls`
--
ALTER TABLE `calls`
  MODIFY `id` int(10) UNSIGNED NOT NULL AUTO_INCREMENT, AUTO_INCREMENT=176;
--
-- AUTO_INCREMENT for table `counters`
--
ALTER TABLE `counters`
  MODIFY `id` int(10) UNSIGNED NOT NULL AUTO_INCREMENT, AUTO_INCREMENT=6;
--
-- AUTO_INCREMENT for table `departments`
--
ALTER TABLE `departments`
  MODIFY `id` int(10) UNSIGNED NOT NULL AUTO_INCREMENT, AUTO_INCREMENT=3;
--
-- AUTO_INCREMENT for table `languages`
--
ALTER TABLE `languages`
  MODIFY `id` int(10) UNSIGNED NOT NULL AUTO_INCREMENT, AUTO_INCREMENT=14;
--
-- AUTO_INCREMENT for table `migrations`
--
ALTER TABLE `migrations`
  MODIFY `id` int(10) UNSIGNED NOT NULL AUTO_INCREMENT, AUTO_INCREMENT=9;
--
-- AUTO_INCREMENT for table `queues`
--
ALTER TABLE `queues`
  MODIFY `id` int(10) UNSIGNED NOT NULL AUTO_INCREMENT, AUTO_INCREMENT=220;
--
-- AUTO_INCREMENT for table `settings`
--
ALTER TABLE `settings`
  MODIFY `id` int(10) UNSIGNED NOT NULL AUTO_INCREMENT, AUTO_INCREMENT=2;
--
-- AUTO_INCREMENT for table `users`
--
ALTER TABLE `users`
  MODIFY `id` int(10) UNSIGNED NOT NULL AUTO_INCREMENT, AUTO_INCREMENT=6;
--
-- Constraints for dumped tables
--

--
-- Constraints for table `calls`
--
ALTER TABLE `calls`
  ADD CONSTRAINT `calls_counter_id_foreign` FOREIGN KEY (`counter_id`) REFERENCES `counters` (`id`),
  ADD CONSTRAINT `calls_department_id_foreign` FOREIGN KEY (`department_id`) REFERENCES `departments` (`id`),
  ADD CONSTRAINT `calls_queue_id_foreign` FOREIGN KEY (`queue_id`) REFERENCES `queues` (`id`),
  ADD CONSTRAINT `calls_user_id_foreign` FOREIGN KEY (`user_id`) REFERENCES `users` (`id`);

--
-- Constraints for table `queues`
--
ALTER TABLE `queues`
  ADD CONSTRAINT `queues_department_id_foreign` FOREIGN KEY (`department_id`) REFERENCES `departments` (`id`);

--
-- Constraints for table `settings`
--
ALTER TABLE `settings`
  ADD CONSTRAINT `settings_language_id_foreign` FOREIGN KEY (`language_id`) REFERENCES `languages` (`id`);

/*!40101 SET CHARACTER_SET_CLIENT=@OLD_CHARACTER_SET_CLIENT */;
/*!40101 SET CHARACTER_SET_RESULTS=@OLD_CHARACTER_SET_RESULTS */;
/*!40101 SET COLLATION_CONNECTION=@OLD_COLLATION_CONNECTION */;
